{
  "cutoff": {
    "A": 0.7893999999999999,
    "B": 0.7120666666666666,
    "C": 0.6303333333333332,
    "D": 0.5611333333333333,
    "E": 0.4926666666666667,
    "F": 0.42786666666666673,
    "G": -1000000000.0
  },
  "minmax": {
    "empathy_ratio": {
      "min": 0.0,
      "max": 30.0
    },
    "apology_ratio": {
      "min": 0.0,
      "max": 5.0
    }
  }
}