{
  "cutoff": {
    "A": 0.5386501358222469,
    "B": 0.4860811218685425,
    "C": 0.43143646537113134,
    "D": 0.3830605279654524,
    "E": 0.3358779689350143,
    "F": 0.292874555965731,
    "G": -1000000000.0
  },
  "minmax": {
    "empathy_ratio": {
      "min": 0.0,
      "max": 43.95
    },
    "apology_ratio": {
      "min": 0.0,
      "max": 7.35
    }
  }
}