{
  "cutoff": {
    "A+": 0.6267405063291138,
    "A": 0.5332102672292544,
    "B+": 0.4802566807313642,
    "B": 0.428287623066104,
    "C+": 0.3840277777777777,
    "C": 0.3354166666666666,
    "D": -1000000000.0
  },
  "minmax": {
    "customer_sentiment_early": {
      "min": -0.47,
      "max": 1.1099999999999999
    },
    "customer_sentiment_late": {
      "min": -0.22000000000000003,
      "max": 1.2200000000000002
    }
  }
}