{
  "cutoff": {
    "A": 0.5620268674301598,
    "B": 0.5133202400620385,
    "C": 0.48128585664460105,
    "D": 0.45230833530013376,
    "E": 0.4285101393243947,
    "F": 0.39982455672065065,
    "G": -1000000000.0
  },
  "minmax": {
    "honorific_ratio": {
      "min": 55.0,
      "max": 100.0
    },
    "positive_word_ratio": {
      "min": 5.0,
      "max": 27.299999999999997
    },
    "negative_word_ratio": {
      "min": 0.1,
      "max": 12.099999999999998
    },
    "euphonious_word_ratio": {
      "min": 3.0,
      "max": 16.299999999999997
    }
  }
}