{
  "cutoff": {
    "A": 0.7672463768115944,
    "B": 0.703901895206243,
    "C": 0.6372129319955406,
    "D": 0.5816499442586398,
    "E": 0.5432107023411371,
    "F": 0.49615384615384617,
    "G": -1000000000.0
  },
  "minmax": {
    "interruption_count": {
      "min": 0.0,
      "max": 6.0
    },
    "silence_ratio": {
      "min": 0.05,
      "max": 0.625
    },
    "talk_ratio": {
      "min": 0.4,
      "max": 0.9849999999999999
    }
  }
}