{
  "cutoff": {
    "A": 0.6808751255776573,
    "B": 0.6120606791239703,
    "C": 0.5682254370102471,
    "D": 0.5223658830620855,
    "E": 0.4926285915209966,
    "F": 0.45193289129997993,
    "G": -1000000000.0
  },
  "minmax": {
    "honorific_ratio": {
      "min": 55.0,
      "max": 90.0
    },
    "positive_word_ratio": {
      "min": 5.0,
      "max": 20.0
    },
    "negative_word_ratio": {
      "min": 0.1,
      "max": 8.0
    },
    "euphonious_word_ratio": {
      "min": 3.0,
      "max": 12.0
    }
  }
}