{
  "cutoff": {
    "A": 0.6605000000000002,
    "B": 0.5699999999999998,
    "C": 0.505,
    "D": 0.4500000000000001,
    "E": 0.38499999999999995,
    "F": 0.33000000000000007,
    "G": -1000000000.0
  },
  "minmax": {
    "interruption_count": {
      "min": 0.0,
      "max": 3.0
    },
    "silence_ratio": {
      "min": 0.05,
      "max": 0.45
    },
    "talk_ratio": {
      "min": 0.4,
      "max": 0.8
    }
  }
}