{
  "cutoff": {
    "A": 0.7475228140036503,
    "B": 0.6430097892815665,
    "C": 0.5769138875062219,
    "D": 0.5185697693711631,
    "E": 0.45880205740832924,
    "F": 0.4040650406504065,
    "G": -1000000000.0
  },
  "minmax": {
    "customer_sentiment_early": {
      "min": -0.47,
      "max": 1.0
    },
    "customer_sentiment_late": {
      "min": -0.23,
      "max": 1.0
    }
  }
}