{
  "cutoff": {
    "A": 0.5466606904704365,
    "B": 0.4995777250919786,
    "C": 0.4707103410092051,
    "D": 0.44005477572788615,
    "E": 0.41852210814892016,
    "F": 0.3917232113371961,
    "G": -1000000000.0
  },
  "minmax": {
    "honorific_ratio": {
      "min": 55.0,
      "max": 105.10000000000001
    },
    "positive_word_ratio": {
      "min": 5.0,
      "max": 27.299999999999997
    },
    "negative_word_ratio": {
      "min": 0.1,
      "max": 12.099999999999998
    },
    "euphonious_word_ratio": {
      "min": 3.0,
      "max": 16.299999999999997
    }
  }
}